ZoneIDOrig,City
A9001zg,Lake Tapawingo
A9001zg,Independence
A9001zg,Blue Springs
A9001zg,Grain Valley
A9002zg,Asbury
A9002zg,Neck City
A9002zg,La Russell
A9002zg,Alba
A9002zg,Joplin
A9002zg,Webb City
A9002zg,Carterville
A9002zg,Carthage
A9002zg,Carytown
A9002zg,Purcell
A9002zg,Fidelity
A9002zg,Sarcoxie
A9002zg,Jasper
A9002zg,Duenweg
A9002zg,Oronogo
A9002zg,Carl Junction
A9003zg,Kansas City
A9003zg,Liberty
A9003zg,Smithville
A9003zg,Holt
A9003zg,Paradise
A9003zg,Excelsior Springs
A9003zg,Kearney
A9003zg,Lawson
A9003zg,Mosby
A9005zg,Kansas City
A9005zg,Grandview
A9006zg,Kansas City
A9007zg,Springfield
A9008zg,Strafford
A9008zg,Ash Grove
A9008zg,Rogersville
A9008zg,Willard
A9008zg,Springfield
A9008zg,Republic
A9008zg,Walnut Grove
A9008zg,Fair Grove
A9009zg,Kansas City
A9010zg,Arnold
A9010zg,Murphy
A9010zg,High Ridge
A9011zg,St. Louis
A9012zg,Pevely
A9012zg,Arnold
A9012zg,Herculaneum
A9012zg,Imperial
A9012zg,Barnhart
A9013zg,St. Louis
A9014zg,Glasgow Village
A9014zg,Moline Acres
A9014zg,Spanish Lake
A9014zg,Bellefontaine Neighbors
A9014zg,Black Jack
A9014zg,Florissant
A9014zg,Riverview
A9014zg,Castle Point
A9016zg,Joplin
A9016zg,Webb City
A9016zg,Duquesne
A9016zg,Airport Drive
A9016zg,Duenweg
A9017zg,St. Louis
A9018zg,Columbia
A9019zg,Town and Country
A9019zg,Creve Coeur
A9019zg,Maryland Heights
A9019zg,Chesterfield
A9019zg,Champ
A9020zg,St. Louis
A9021zg,Kansas City
A9021zg,Gladstone
A9021zg,North Kansas City
A9022zg,Green Park
A9022zg,Mehlville
A9022zg,Affton
A9022zg,Concord
A9022zg,Oakville
A9023zg,Wildwood
A9023zg,Des Peres
A9023zg,Eureka
A9023zg,Kirkwood
A9023zg,Manchester
A9023zg,Valley Park
A9023zg,Pacific
A9024zg,Foristell
A9024zg,O'Fallon
A9024zg,Lake St. Louis
A9024zg,New Melle
A9024zg,St. Paul
A9024zg,Flint Hill
A9024zg,Defiance
A9024zg,Wentzville
A9024zg,Augusta
A9025zg,Springfield
A9026zg,Westwood
A9026zg,Frontenac
A9026zg,Town and Country
A9026zg,Creve Coeur
A9026zg,Glendale
A9026zg,Des Peres
A9026zg,Huntleigh
A9026zg,Kirkwood
A9026zg,Manchester
A9027zg,Calverton Park
A9027zg,Woodson Terrace
A9027zg,Bridgeton
A9027zg,Dellwood
A9027zg,Ferguson
A9027zg,Kinloch
A9027zg,Bel-Ridge
A9027zg,Berkeley
A9027zg,Cool Valley
A9027zg,Florissant
A9027zg,Hazelwood
A9027zg,St. Ann
A9027zg,St. John
A9028zg,St. Louis
A9029zg,Springfield
A9030zg,Battlefield
A9030zg,Springfield
A9030zg,Republic
A9031zg,Lake St. Clair
A9031zg,Miramiguoa Park
A9031zg,Oak Grove Village
A9031zg,Stanton
A9031zg,Sullivan
A9031zg,Gray Summit
A9031zg,Union
A9031zg,St. Clair
A9031zg,Pacific
A9031zg,Parkway
A9032zg,Summer Set
A9032zg,Hillsboro
A9032zg,Scotsdale
A9032zg,De Soto
A9032zg,Eureka
A9032zg,LaBarque Creek
A9032zg,Raintree Plantation
A9032zg,Briarwood Estates
A9032zg,Cedar Hill
A9033zg,Lemay
A9033zg,Mehlville
A9033zg,Affton
A9033zg,Oakville
A9034zg,Town and Country
A9034zg,Wildwood
A9034zg,Ellisville
A9034zg,Chesterfield
A9034zg,Manchester
A9034zg,Ballwin
A9035zg,Unity Village
A9035zg,Kansas City
A9035zg,Lee's Summit
A9035zg,Raytown
A9036zg,St. Charles
A9037zg,Breckenridge Hills
A9037zg,Bridgeton
A9037zg,Maryland Heights
A9037zg,Overland
A9037zg,St. Ann
A9037zg,St. John
A9038zg,St. Louis
A9039zg,Bridgeton
A9039zg,Florissant
A9039zg,Hazelwood
A9040zg,Kansas City
A9040zg,Gladstone
A9041zg,Kansas City
A9042zg,Olivette
A9042zg,Creve Coeur
A9042zg,Maryland Heights
A9042zg,Rock Hill
A9042zg,Brentwood
A9042zg,Maplewood
A9042zg,Overland
A9042zg,Warson Woods
A9042zg,Richmond Heights
A9042zg,Ladue
A9042zg,Webster Groves
A9043zg,Grantwood Village
A9043zg,Shrewsbury
A9043zg,Affton
A9043zg,Concord
A9043zg,Crestwood
A9043zg,Webster Groves
A9044zg,St. Peters
A9044zg,Portage Des Sioux
A9044zg,O'Fallon
A9044zg,St. Charles
A9044zg,Cottleville
A9044zg,West Alton
A9045zg,Hanley Hills
A9045zg,Pagedale
A9045zg,Overland
A9045zg,Clayton
A9045zg,Vinita Park
A9045zg,University City
A9046zg,Kansas City
A9047zg,Black Jack
A9047zg,Florissant
A9047zg,Hazelwood
A9047zg,Old Jamestown
A9048zg,Ashland
A9048zg,Columbia
A9048zg,Huntsdale
A9049zg,Kansas City
A9049zg,Grandview
A9049zg,Lee's Summit
A9050zg,Hillsdale
A9050zg,Pagedale
A9050zg,Northwoods
A9050zg,Ferguson
A9050zg,Bellefontaine Neighbors
A9050zg,Jennings
A9050zg,Normandy
A9050zg,Bel-Nor
A9050zg,Pine Lawn
A9050zg,Bellerive Acres
A9050zg,Wellston
A9051zg,Independence
A9051zg,River Bend
A9051zg,Sugar Creek
A9052zg,Independence
A9052zg,Kansas City
A9052zg,Blue Springs
A9052zg,Lee's Summit
A9053zg,Maryland Heights
A9053zg,Wildwood
A9053zg,Clarkson Valley
A9053zg,Ellisville
A9053zg,Chesterfield
A9054zg,Harrisburg
A9054zg,Columbia
A9054zg,Hallsville
A9054zg,Sturgeon
A9054zg,Centralia
A9055zg,Independence
A9055zg,Kansas City
A9055zg,Blue Summit
A9056zg,St. Peters
A9056zg,St. Charles
A9057zg,Glenaire
A9057zg,Independence
A9057zg,Pleasant Valley
A9057zg,Kansas City
A9057zg,Missouri City
A9057zg,Liberty
A9057zg,Randolph
A9057zg,Birmingham
A9057zg,Excelsior Springs
A9057zg,Mosby
A9057zg,Claycomo
A9057zg,Prathersville
A9058zg,Oakland
A9058zg,Sunset Hills
A9058zg,Concord
A9058zg,Kirkwood
A9058zg,Crestwood
A9058zg,Fenton
A9058zg,Sappington
A9059zg,Independence
A9059zg,Blue Springs
A9059zg,Buckner
A9059zg,Grain Valley
A9059zg,Lone Jack
A9059zg,Pleasant Hill
A9059zg,Greenwood
A9059zg,Tarsney Lakes
A9059zg,Lee's Summit
A9059zg,Lake Lotawana
A9059zg,Oak Grove
A9059zg,Sibley
A9059zg,Levasy
A9060zg,Dardenne Prairie
A9060zg,O'Fallon
A9060zg,Josephville
A9060zg,Lake St. Louis
A9060zg,St. Paul
A9060zg,Wentzville
A9061zg,St. Peters
A9061zg,Dardenne Prairie
A9061zg,O'Fallon
A9061zg,Weldon Spring
A9061zg,Lake St. Louis
A9061zg,Cottleville
B0001zg,Auxvasse
B0001zg,Mokane
B0001zg,Bellflower
B0001zg,Tebbetts
B0001zg,High Hill
B0001zg,Wellsville
B0001zg,McKittrick
B0001zg,Rhineland
B0001zg,Montgomery City
B0001zg,Fulton
B0001zg,Kingdom City
B0001zg,Middletown
B0001zg,Jonesburg
B0001zg,Jefferson City
B0001zg,New Bloomfield
B0001zg,Holts Summit
B0001zg,Big Spring
B0001zg,New Florence
B0001zg,Danville
B0002zg,Novelty
B0002zg,Hurdland
B0002zg,Medill
B0002zg,Brashear
B0002zg,Greentop
B0002zg,Green City
B0002zg,Green Castle
B0002zg,Connelsville
B0002zg,Queen City
B0002zg,Memphis
B0002zg,Powersville
B0002zg,Newark
B0002zg,Kahoka
B0002zg,Winigan
B0002zg,Novinger
B0002zg,Edina
B0002zg,Alexandria
B0002zg,Wyaconda
B0002zg,Unionville
B0002zg,Lancaster
B0002zg,Glenwood
B0002zg,St. Francisville
B0002zg,Downing
B0002zg,Kirksville
B0002zg,Wayland
B0002zg,Milan
B0002zg,Plevna
B0003zg,New Cambria
B0003zg,Glasgow
B0003zg,New Franklin
B0003zg,Armstrong
B0003zg,Callao
B0003zg,Keytesville
B0003zg,Prairie Hill
B0003zg,Excello
B0003zg,Brunswick
B0003zg,Salisbury
B0003zg,Macon
B0003zg,Bevier
B0003zg,Moberly
B0003zg,Clark
B0003zg,Cairo
B0003zg,Higbee
B0003zg,Renick
B0003zg,Atlanta
B0003zg,La Plata
B0003zg,Fayette
B0003zg,Huntsville
B0004zg,Jackson
B0004zg,Delta
B0004zg,Gordonville
B0004zg,Cape Girardeau
B0004zg,Shawneetown
B0004zg,Oak Ridge
B0004zg,Scott City
B0004zg,New Wells
B0004zg,Burfordville
B0004zg,Dutchtown
B0004zg,Millersville
B0006zg,La Monte
B0006zg,Smithton
B0006zg,Sedalia
B0006zg,Slater
B0006zg,Marshall
B0006zg,Miami
B0006zg,Nelson
B0006zg,Sweet Springs
B0006zg,Green Ridge
B0006zg,Windsor
B0008zg,Stotts City
B0008zg,Chesapeake
B0008zg,Everton
B0008zg,Dadeville
B0008zg,Pierce City
B0008zg,Aurora
B0008zg,Lockwood
B0008zg,Greenfield
B0008zg,Marionville
B0008zg,Miller
B0008zg,Verona
B0008zg,El Dorado Springs
B0008zg,Stockton
B0008zg,Mount Vernon
B0008zg,Monett
B0008zg,Jerico Springs
B0009zg,Syracuse
B0009zg,Jamestown
B0009zg,Tipton
B0009zg,Barnett
B0009zg,Bunceton
B0009zg,Prairie Home
B0009zg,Pilot Grove
B0009zg,Gravois Mills
B0009zg,Latham
B0009zg,Clarksburg
B0009zg,Otterville
B0009zg,Blackwater
B0009zg,Windsor Place
B0009zg,California
B0009zg,Laurie
B0009zg,Stover
B0009zg,Sunrise Beach
B0009zg,Versailles
B0009zg,Boonville
B0012zg,Tina
B0012zg,Breckenridge
B0012zg,Kingston
B0012zg,Gower
B0012zg,Lake Viking
B0012zg,Avalon
B0012zg,Grayson
B0012zg,Hale
B0012zg,Wheeling
B0012zg,Plattsburg
B0012zg,Norborne
B0012zg,Gilman City
B0012zg,Lathrop
B0012zg,Chillicothe
B0012zg,Carrollton
B0012zg,Lake Arrowhead
B0012zg,Turney
B0012zg,Hamilton
B0012zg,Kidder
B0012zg,Polo
B0012zg,Jamesport
B0012zg,Braymer
B0012zg,Winston
B0012zg,Dawn
B0012zg,Trimble
B0012zg,Utica
B0012zg,Gallatin
B0012zg,Pattonsburg
B0012zg,Cameron
B0012zg,Bosworth
B0012zg,Bogard
B0015zg,Centerville
B0015zg,Viburnum
B0015zg,Bunker
B0015zg,Ellington
B0015zg,Annapolis
B0015zg,Ironton
B0015zg,Salem
B0015zg,Irondale
B0015zg,Arcadia
B0015zg,Potosi
B0015zg,Pilot Knob
B0018zg,Naylor
B0018zg,Fairdealing
B0018zg,Thomasville
B0018zg,Raymondville
B0018zg,Hunter
B0018zg,Doniphan
B0018zg,Van Buren
B0018zg,Licking
B0018zg,Oxly
B0018zg,Montier
B0018zg,Plato
B0018zg,Summersville
B0018zg,Alton
B0018zg,Thayer
B0018zg,Grandin
B0018zg,Eminence
B0018zg,Winona
B0018zg,Houston
B0018zg,Ellsinore
B0018zg,Birch Tree
B0018zg,Cabool
B0019zg,Canton
B0019zg,Shelbina
B0019zg,Philadelphia
B0019zg,Paris
B0019zg,Lewistown
B0019zg,Middle Grove
B0019zg,Clarence
B0019zg,Ewing
B0019zg,Shelbyville
B0019zg,Leonard
B0019zg,La Belle
B0019zg,La Grange
B0019zg,Hannibal
B0019zg,Madison
B0019zg,Stoutsville
B0019zg,Monroe City
B0019zg,Palmyra
B0019zg,Hunnewell
B0025zg,Cave
B0025zg,Silex
B0025zg,Winfield
B0025zg,Old Monroe
B0025zg,Troy
B0025zg,Elsberry
B0025zg,Hawk Point
B0025zg,Moscow Mills
B0027zg,Lanagan
B0027zg,Butterfield
B0027zg,Jane
B0027zg,Noel
B0027zg,Purdy
B0027zg,Cassville
B0027zg,Seligman
B0027zg,Anderson
B0027zg,Pineville
B0027zg,Shell Knob
B0027zg,Eagle Rock
B0027zg,Golden
B0027zg,Rocky Comfort
B0027zg,Exeter
B0027zg,Wheaton
B0027zg,Southwest City
B0027zg,Washburn
B0027zg,Goodman
B0027zg,Emerald Beach
B0027zg,Monett
B0029zg,Cross Timbers
B0029zg,Weaubleau
B0029zg,Preston
B0029zg,Hermitage
B0029zg,Wheatland
B0029zg,Montreal
B0029zg,Osage Beach
B0029zg,Lake Ozark
B0029zg,Macks Creek
B0029zg,Stoutland
B0029zg,Sunrise Beach
B0029zg,Linn Creek
B0029zg,Climax Springs
B0029zg,Village of Four Seasons
B0029zg,Camdenton
B0030zg,Grovespring
B0030zg,Phillipsburg
B0030zg,Norwood
B0030zg,Hartville
B0030zg,Bennett Springs
B0030zg,Conway
B0030zg,Evergreen
B0030zg,Lebanon
B0030zg,Mountain Grove
B0030zg,Mansfield
B0031zg,Maysville
B0031zg,Spickard
B0031zg,Brookfield
B0031zg,King City
B0031zg,Marceline
B0031zg,Cainsville
B0031zg,Mount Moriah
B0031zg,Princeton
B0031zg,Bucklin
B0031zg,Ridgeway
B0031zg,Stewartsville
B0031zg,Denver
B0031zg,McFall
B0031zg,St. Catharine
B0031zg,Linneus
B0031zg,Mercer
B0031zg,Clarksdale
B0031zg,Laclede
B0031zg,Purdin
B0031zg,Meadville
B0031zg,Gilman City
B0031zg,Irena
B0031zg,Darlington
B0031zg,Albany
B0031zg,Osborn
B0031zg,Bethany
B0031zg,Eagleville
B0031zg,New Hampton
B0031zg,Laredo
B0031zg,Grant City
B0031zg,Browning
B0031zg,Edinburg
B0031zg,Ravanna
B0031zg,Leisure Lake
B0031zg,Stanberry
B0031zg,Cameron
B0031zg,Galt
B0031zg,Trenton
B0031zg,Allendale
B0031zg,Blythedale
B0032zg,Amsterdam
B0032zg,Mindenmines
B0032zg,Liberal
B0032zg,Foster
B0032zg,Schell City
B0032zg,Golden City
B0032zg,Bronaugh
B0032zg,Lamar Heights
B0032zg,Sheldon
B0032zg,Rich Hill
B0032zg,Lamar
B0032zg,Iantha
B0032zg,Hume
B0032zg,Walker
B0032zg,Irwin
B0032zg,Nevada
B0032zg,Rockville
B0032zg,Butler
B0032zg,Adrian
B0034zg,Frankford
B0034zg,Vandalia
B0034zg,Vandiver
B0034zg,Martinsburg
B0034zg,Saverton
B0034zg,Center
B0034zg,Perry
B0034zg,Rensselaer
B0034zg,New London
B0034zg,Louisiana
B0034zg,Ashley
B0034zg,Farber
B0034zg,Mexico
B0034zg,Hannibal
B0034zg,Bowling Green
B0034zg,Clarksville
B0034zg,Eolia
B0034zg,St. Clement
B0034zg,Laddonia
B0035zg,Russellville
B0035zg,Eugene
B0035zg,St. Thomas
B0035zg,Taos
B0035zg,Centertown
B0035zg,St. Martins
B0035zg,Wardsville
B0035zg,Jefferson City
B0035zg,Lohman
B0036zg,Puxico
B0036zg,Bloomfield
B0036zg,Grayridge
B0036zg,Dudley
B0036zg,Bell City
B0036zg,Brewer
B0036zg,Perryville
B0036zg,Frohna
B0036zg,Bernie
B0036zg,Sedgewickville
B0036zg,Shakertowne
B0036zg,Essex
B0036zg,Marble Hill
B0036zg,Altenburg
B0036zg,Dexter
B0036zg,Advance
B0036zg,Lithium
B0039zg,Urich
B0039zg,Appleton City
B0039zg,Calhoun
B0039zg,Tightwad
B0039zg,Deepwater
B0039zg,Cole Camp
B0039zg,Lincoln
B0039zg,Hartwell
B0039zg,Montrose
B0039zg,Lowry City
B0039zg,Roscoe
B0039zg,White Branch
B0039zg,Bent Tree Harbor
B0039zg,Clinton
B0039zg,Osceola
B0039zg,Warsaw
B0039zg,Windsor
B0044zg,Richland
B0044zg,Dixon
B0044zg,St. Robert
B0044zg,Crocker
B0044zg,Fort Leonard Wood
B0044zg,Waynesville
B0046zg,Wardell
B0046zg,Denton
B0046zg,Holcomb
B0046zg,Tallapoosa
B0046zg,Frisbee
B0046zg,Parma
B0046zg,Lilbourn
B0046zg,Cardwell
B0046zg,Rives
B0046zg,Cooter
B0046zg,Arbyrd
B0046zg,Portageville
B0046zg,Hayti Heights
B0046zg,Gideon
B0046zg,Hollywood
B0046zg,Deering
B0046zg,Campbell
B0046zg,Senath
B0046zg,New Madrid
B0046zg,Marston
B0046zg,Kennett
B0046zg,Malden
B0046zg,Caruthersville
B0046zg,Clarkton
B0046zg,Hornersville
B0046zg,Matthews
B0046zg,Steele
B0046zg,Risco
B0046zg,Morehouse
B0046zg,Sikeston
B0046zg,Catron
B0046zg,Hayti
B0051zg,Aurora Springs
B0051zg,Lakeside
B0051zg,Chamois
B0051zg,Meta
B0051zg,Brumley
B0051zg,Morrison
B0051zg,Bagnell
B0051zg,Osage Beach
B0051zg,Lake Ozark
B0051zg,Belle
B0051zg,Vienna
B0051zg,Eldon
B0051zg,Iberia
B0051zg,Tuscumbia
B0051zg,Freeburg
B0051zg,Argyle
B0051zg,Linn
B0051zg,Bland
B0051zg,Hermann
B0051zg,St. Elizabeth
B0051zg,Rosebud
B0051zg,Owensville
B0051zg,Westphalia
B0053zg,Neelyville
B0053zg,Greenville
B0053zg,Fairdealing
B0053zg,Harviell
B0053zg,Broseley
B0053zg,Fisk
B0053zg,Mill Spring
B0053zg,Qulin
B0053zg,Williamsville
B0053zg,Poplar Bluff
B0053zg,Cherokee Pass
B0053zg,Piedmont
B0053zg,Junction City
B0053zg,Fredericktown
B0053zg,Mine La Motte
B0063zg,Morley
B0063zg,Chaffee
B0063zg,Haywood City
B0063zg,Anniston
B0063zg,Oran
B0063zg,Cape Girardeau
B0063zg,Benton
B0063zg,East Prairie
B0063zg,Scott City
B0063zg,Bertrand
B0063zg,Miner
B0063zg,Wyatt
B0063zg,Commerce
B0063zg,New Hamburg
B0063zg,Charleston
B0063zg,Kelso
B0063zg,Sikeston
B0065zg,Leadwood
B0065zg,Wortham
B0065zg,Bismarck
B0065zg,Knob Lick
B0065zg,Bonne Terre
B0065zg,Lake Timberline
B0065zg,Desloge
B0065zg,Farmington
B0065zg,Iron Mountain Lake
B0065zg,Goose Creek Lake
B0065zg,Terre du Lac
B0065zg,Frankclay
B0065zg,Leadington
B0065zg,Doe Run
B0065zg,Park Hills
B0066zg,Camden Point
B0066zg,Platte Woods
B0066zg,Tracy
B0066zg,Lake Waukomis
B0066zg,Kansas City
B0066zg,Platte City
B0066zg,Dearborn
B0066zg,Edgerton
B0066zg,Ridgely
B0066zg,Weston
B0066zg,Farley
B0066zg,Weatherby Lake
B0066zg,Riverside
B0066zg,Parkville
B0074zg,Oregon
B0074zg,Tarkio
B0074zg,Conception
B0074zg,Conception Junction
B0074zg,Parnell
B0074zg,Rosendale
B0074zg,Burlington Junction
B0074zg,Ravenwood
B0074zg,Hopkins
B0074zg,Bolckow
B0074zg,Amazonia
B0074zg,Country Club
B0074zg,Savannah
B0074zg,Maryville
B0074zg,Skidmore
B0074zg,Rock Port
B0074zg,Big Lake
B0074zg,Forest City
B0074zg,Maitland
B0074zg,Blanchard
B0074zg,Fairfax
B0074zg,Mound City
B0074zg,Phelps City
B0076zg,Edgar Springs
B0076zg,St. Cloud
B0076zg,West Sullivan
B0076zg,Steelville
B0076zg,Cuba
B0076zg,Rolla
B0076zg,St. James
B0076zg,Leasburg
B0076zg,Sullivan
B0076zg,Bourbon
B0076zg,Indian Lake
B0076zg,Newburg
B0076zg,Doolittle
B0081zg,Olympian Village
B0081zg,Crystal City
B0081zg,Pevely
B0081zg,Festus
B0081zg,Grayhawk
B0081zg,Herculaneum
B0081zg,Ste. Genevieve
B0081zg,Ozora
B0081zg,St. Mary
B0081zg,Byrnes Mill
B0081zg,Goose Creek Lake
B0081zg,Horine
B0081zg,Weingarten
B0081zg,Bloomsdale
B0082zg,Fremont Hills
B0082zg,Ozark
B0082zg,Spokane
B0082zg,Billings
B0082zg,Clever
B0082zg,Sparta
B0082zg,Republic
B0082zg,Nixa
B0082zg,Highlandville
B0082zg,Saddlebrooke
B0083zg,Chilhowee
B0083zg,Leeton
B0083zg,Knob Noster
B0083zg,Holden
B0083zg,Warrensburg
B0083zg,Whiteman AFB
B0083zg,Kingsville
B0087zg,Galena
B0087zg,Branson
B0087zg,Taneyville
B0087zg,McCord Bend
B0087zg,Hurley
B0087zg,Kissee Mills
B0087zg,Blue Eye
B0087zg,Crane
B0087zg,Kimberling City
B0087zg,Shell Knob
B0087zg,Hollister
B0087zg,Merriam Woods
B0087zg,Branson West
B0087zg,Reeds Spring
B0087zg,Kirbyville
B0087zg,Rockaway Beach
B0087zg,Forsyth
B0087zg,Indian Point
B0088zg,Stark City
B0088zg,Shoal Creek Drive
B0088zg,Joplin
B0088zg,Fairview
B0088zg,Loma Linda
B0088zg,Leawood
B0088zg,Newtonia
B0088zg,Saginaw
B0088zg,Seneca
B0088zg,Diamond
B0088zg,Neosho
B0088zg,Granby
B0094zg,Marthasville
B0094zg,Truesdale
B0094zg,Foristell
B0094zg,Stanton
B0094zg,Innsbrook
B0094zg,Warrenton
B0094zg,Berger
B0094zg,Gerald
B0094zg,New Haven
B0094zg,Sullivan
B0094zg,Wright City
B0094zg,Gray Summit
B0094zg,Pendleton
B0094zg,St. Clair
B0094zg,Washington
B0094zg,Three Creeks
B0094zg,Villa Ridge
B0095zg,Camden
B0095zg,Concordia
B0095zg,Crystal Lakes
B0095zg,Fleming
B0095zg,Orrick
B0095zg,Rayville
B0095zg,Wellington
B0095zg,Emma
B0095zg,Henrietta
B0095zg,Lake Lafayette
B0095zg,Bates City
B0095zg,Higginsville
B0095zg,Napoleon
B0095zg,Excelsior Springs
B0095zg,Lawson
B0095zg,Hardin
B0095zg,Wood Heights
B0095zg,Richmond
B0095zg,Lexington
B0095zg,Waverly
B0095zg,Vibbard
B0095zg,Oak Grove
B0095zg,Odessa
B0095zg,Corder
B0097zg,Louisburg
B0097zg,Flemington
B0097zg,Halfway
B0097zg,Humansville
B0097zg,Niangua
B0097zg,Fair Play
B0097zg,Morrisville
B0097zg,Seymour
B0097zg,Bennett Springs
B0097zg,Buffalo
B0097zg,Urbana
B0097zg,Fordland
B0097zg,Rogersville
B0097zg,Bolivar
B0097zg,Marshfield
B0097zg,Diggins
B0097zg,Pleasant Hope
B0100zg,Pomona
B0100zg,Bakersfield
B0100zg,Theodosia
B0100zg,Brandsville
B0100zg,Gainesville
B0100zg,South Fork
B0100zg,West Plains
B0100zg,Willow Springs
B0100zg,Ava
B0100zg,Pontiac
B0100zg,Wasola
B0100zg,Mountain View
B0100zg,Sundown
B0107zg,Lewis and Clark Village
B0107zg,Easton
B0107zg,Faucett
B0107zg,Agency
B0107zg,St. Joseph
B0108zg,Creighton
B0108zg,Loch Lloyd
B0108zg,East Lynne
B0108zg,Kansas City
B0108zg,Harrisonville
B0108zg,Belton
B0108zg,Drexel
B0108zg,Cleveland
B0108zg,Freeman
B0108zg,Garden City
B0108zg,Lake Winnebago
B0108zg,Pleasant Hill
B0108zg,Raymore
B0108zg,West Line
B0108zg,Archie
B0108zg,Lee's Summit
B0108zg,Peculiar
